<?xml version="1.0" encoding="utf-8"?>
<root>
    <androidPermission>
        <!-- Request necessary storage permissions for Android -->
        <addElement tag="uses-permission" name="android.permission.READ_EXTERNAL_STORAGE"/>
        <addElement tag="uses-permission" name="android.permission.WRITE_EXTERNAL_STORAGE"/>
        <addElement tag="uses-permission" name="android.permission.MANAGE_EXTERNAL_STORAGE"/>
    </androidPermission>

    <androidPlugin>
        <applyFile src="$S(PluginDir)/Source/Pavan_Avenger/Java/Pavan_Avenger_APL.java"/>
    </androidPlugin>
</root>